,Time,mV,mA,mAh,CPU,Power
0,0,12718,-980,5649,17.8,12.46364
1,4,12718,-980,5649,28.9,12.46364
2,7,12718,-980,5649,33.9,12.46364
3,11,12718,-980,5649,33.8,12.46364
4,15,12718,-980,5649,38.3,12.46364
5,18,12718,-980,5649,37.8,12.46364
6,22,12718,-1013,5635,41.5,12.883334
7,26,12718,-1013,5635,20.3,12.883334
8,30,12718,-1013,5635,22.2,12.883334
9,33,12718,-1013,5635,49.3,12.883334
10,37,12718,-1013,5635,40.8,12.883334
11,41,12718,-1013,5635,41.5,12.883334
12,45,12718,-1013,5635,37.6,12.883334
13,48,12718,-1013,5635,36.0,12.883334
14,52,12718,-1013,5635,19.8,12.883334
15,56,12718,-1013,5635,22.8,12.883334
16,59,12718,-1013,5635,17.8,12.883334
17,63,12718,-1013,5635,22.1,12.883334
18,67,12718,-1013,5635,43.2,12.883334
19,71,12718,-1013,5635,29.4,12.883334
20,74,12718,-1013,5635,15.1,12.883334
21,78,12718,-1013,5635,20.6,12.883334
22,82,12554,-1052,5607,18.3,13.206807999999999
23,85,12554,-1052,5607,20.8,13.206807999999999
24,89,12554,-1052,5607,16.9,13.206807999999999
25,93,12554,-1052,5607,16.0,13.206807999999999
26,96,12554,-1052,5607,16.9,13.206807999999999
27,100,12554,-1052,5607,40.5,13.206807999999999
28,104,12554,-1052,5607,38.2,13.206807999999999
29,107,12554,-1052,5607,24.2,13.206807999999999
30,111,12554,-1052,5607,27.3,13.206807999999999
31,115,12554,-1052,5607,25.7,13.206807999999999
32,119,12554,-1052,5607,36.4,13.206807999999999
33,122,12554,-1052,5607,41.6,13.206807999999999
34,126,12554,-1052,5607,31.2,13.206807999999999
35,130,12554,-1052,5607,39.1,13.206807999999999
36,133,12554,-1052,5607,42.3,13.206807999999999
37,137,12554,-1052,5607,35.1,13.206807999999999
38,141,12554,-1052,5590,30.5,13.206807999999999
39,144,12554,-1110,5590,32.0,13.93494
40,148,12554,-1110,5590,30.6,13.93494
41,152,12554,-1110,5590,26.1,13.93494
42,156,12554,-1110,5590,37.5,13.93494
43,159,12554,-1110,5590,29.7,13.93494
44,163,12554,-1110,5590,37.0,13.93494
45,167,12554,-1110,5590,28.8,13.93494
46,170,12554,-1110,5590,32.3,13.93494
47,174,12554,-1110,5590,40.9,13.93494
48,178,12554,-1110,5590,36.6,13.93494
49,182,12554,-1110,5590,31.3,13.93494
50,185,12554,-1110,5590,30.6,13.93494
51,189,12554,-1110,5590,30.3,13.93494
52,193,12554,-1110,5590,29.2,13.93494
53,196,12554,-1110,5590,29.4,13.93494
54,200,12554,-1110,5590,36.7,13.93494
55,204,12554,-1085,5572,34.6,13.621089999999999
56,207,12554,-1085,5572,31.5,13.621089999999999
57,211,12554,-1085,5572,29.2,13.621089999999999
58,215,12554,-1085,5572,30.8,13.621089999999999
59,218,12554,-1085,5572,29.5,13.621089999999999
60,222,12554,-1085,5572,31.3,13.621089999999999
61,226,12554,-1085,5572,29.4,13.621089999999999
62,229,12554,-1085,5572,32.8,13.621089999999999
63,233,12554,-1085,5572,44.3,13.621089999999999
64,237,12554,-1085,5572,38.3,13.621089999999999
65,241,12554,-1085,5572,30.7,13.621089999999999
66,244,12554,-1085,5572,36.6,13.621089999999999
67,248,12554,-1085,5572,27.0,13.621089999999999
68,252,12554,-1085,5572,31.7,13.621089999999999
69,255,12554,-1085,5572,29.1,13.621089999999999
70,259,12554,-1085,5572,33.8,13.621089999999999
71,263,12554,-1125,5553,30.0,14.123249999999999
72,266,12554,-1125,5553,18.5,14.123249999999999
73,270,12554,-1125,5553,33.3,14.123249999999999
74,274,12554,-1125,5553,34.4,14.123249999999999
75,278,12554,-1125,5553,34.6,14.123249999999999
76,281,12554,-1125,5553,42.7,14.123249999999999
77,285,12554,-1125,5553,46.8,14.123249999999999
78,289,12554,-1125,5553,34.9,14.123249999999999
79,292,12554,-1125,5553,29.1,14.123249999999999
80,296,12554,-1125,5553,29.2,14.123249999999999
81,300,12554,-1125,5553,34.2,14.123249999999999
82,303,12554,-1125,5553,26.6,14.123249999999999
83,307,12554,-1125,5553,10.0,14.123249999999999
84,311,12554,-1125,5553,9.7,14.123249999999999
85,314,12554,-1125,5553,12.3,14.123249999999999
86,318,12554,-1125,5553,8.6,14.123249999999999
87,322,12554,-805,5553,10.3,10.10597
88,325,12554,-805,5553,10.7,10.10597
89,329,12554,-805,5553,9.0,10.10597
90,332,12554,-805,5553,15.1,10.10597
91,336,12554,-805,5553,10.1,10.10597
92,340,12554,-805,5553,12.7,10.10597
93,344,12554,-805,5553,15.5,10.10597
94,347,12554,-805,5553,16.0,10.10597
95,351,12554,-805,5553,11.8,10.10597
96,355,12554,-805,5553,9.7,10.10597
97,358,12554,-805,5553,8.2,10.10597
98,362,12554,-805,5553,8.0,10.10597
99,365,12554,-805,5553,9.0,10.10597
100,369,12554,-805,5553,8.3,10.10597
101,373,12554,-805,5553,9.2,10.10597
102,376,12554,-805,5553,9.8,10.10597
103,380,12554,-805,5553,11.4,10.10597
104,384,12554,-645,5551,16.7,8.09733
105,387,12554,-645,5551,13.4,8.09733
106,391,12554,-645,5551,16.7,8.09733
107,395,12554,-645,5551,18.4,8.09733
108,398,12554,-645,5551,16.3,8.09733
109,402,12554,-645,5551,10.4,8.09733
110,405,12554,-645,5551,8.6,8.09733
111,409,12554,-645,5551,8.7,8.09733
112,413,12554,-645,5551,8.1,8.09733
113,416,12554,-645,5551,8.1,8.09733
114,420,12554,-645,5551,10.2,8.09733
115,423,12554,-645,5551,11.1,8.09733
116,427,12554,-645,5551,16.6,8.09733
117,431,12554,-645,5551,9.6,8.09733
118,434,12554,-645,5551,9.4,8.09733
119,438,12554,-645,5551,13.6,8.09733
120,442,12554,-674,5536,8.0,8.461395999999999
121,445,12554,-674,5536,8.0,8.461395999999999
122,449,12554,-674,5536,11.0,8.461395999999999
123,452,12554,-674,5536,22.7,8.461395999999999
124,456,12554,-674,5536,13.5,8.461395999999999
125,460,12554,-674,5536,6.6,8.461395999999999
126,463,12554,-674,5536,6.2,8.461395999999999
127,467,12554,-674,5536,8.2,8.461395999999999
128,470,12554,-674,5536,13.5,8.461395999999999
129,474,12554,-674,5536,11.4,8.461395999999999
130,478,12554,-674,5536,6.8,8.461395999999999
131,481,12554,-674,5536,8.9,8.461395999999999
132,485,12554,-674,5536,12.6,8.461395999999999
133,489,12554,-674,5536,11.6,8.461395999999999
134,492,12554,-674,5536,8.7,8.461395999999999
135,496,12554,-674,5536,11.6,8.461395999999999
136,499,12554,-674,5536,16.0,8.461395999999999
137,503,12554,-755,5523,21.6,9.47827
138,507,12554,-755,5523,25.4,9.47827
139,511,12554,-755,5523,77.2,9.47827
140,515,12554,-755,5523,74.9,9.47827
141,518,12554,-755,5523,83.6,9.47827
142,522,12554,-755,5523,64.9,9.47827
143,526,12554,-755,5523,6.6,9.47827
144,529,12554,-755,5523,27.6,9.47827
145,533,12554,-755,5523,43.9,9.47827
146,537,12554,-755,5523,83.6,9.47827
147,541,12554,-755,5523,50.0,9.47827
148,545,12554,-755,5523,35.1,9.47827
149,548,12554,-755,5523,32.5,9.47827
150,552,12554,-755,5523,43.3,9.47827
151,556,12554,-755,5523,34.3,9.47827
152,559,12554,-755,5523,30.6,9.47827
153,563,12554,-1217,5475,31.1,15.278217999999999
154,567,12554,-1217,5475,33.9,15.278217999999999
155,570,12554,-1217,5475,38.3,15.278217999999999
156,574,12554,-1217,5475,30.8,15.278217999999999
157,578,12554,-1217,5475,32.5,15.278217999999999
158,581,12554,-1217,5475,32.3,15.278217999999999
159,585,12554,-1217,5475,37.6,15.278217999999999
160,589,12554,-1217,5475,32.3,15.278217999999999
161,593,12554,-1217,5475,30.6,15.278217999999999
162,596,12554,-1217,5475,31.2,15.278217999999999
163,600,12554,-1217,5475,32.5,15.278217999999999
164,604,12554,-1217,5475,30.8,15.278217999999999
165,607,12554,-1217,5475,29.8,15.278217999999999
166,611,12554,-1217,5475,32.2,15.278217999999999
167,615,12554,-1217,5475,28.6,15.278217999999999
168,618,12554,-1217,5475,8.0,15.278217999999999
169,622,12554,-856,5474,8.1,10.746224
170,625,12554,-856,5474,8.0,10.746224
171,629,12554,-856,5474,12.6,10.746224
172,633,12554,-856,5474,10.8,10.746224
173,636,12554,-856,5474,7.3,10.746224
174,640,12554,-856,5474,9.9,10.746224
175,644,12554,-856,5474,14.0,10.746224
176,647,12554,-856,5474,15.2,10.746224
177,651,12554,-856,5474,10.5,10.746224
178,654,12554,-856,5474,14.8,10.746224
179,658,12554,-856,5474,9.7,10.746224
180,662,12554,-856,5474,9.6,10.746224
181,665,12554,-856,5474,11.4,10.746224
182,669,12554,-856,5474,11.7,10.746224
183,673,12554,-856,5474,10.9,10.746224
184,676,12554,-856,5474,7.2,10.746224
185,680,12554,-856,5474,7.2,10.746224
186,683,12536,-557,5484,7.8,6.982552
187,687,12536,-557,5484,6.0,6.982552
188,691,12536,-557,5484,6.2,6.982552
189,694,12536,-557,5484,6.6,6.982552
190,698,12536,-557,5484,6.0,6.982552
191,701,12536,-557,5484,6.3,6.982552
192,705,12536,-557,5484,6.4,6.982552
193,709,12536,-557,5484,6.1,6.982552
194,712,12536,-557,5484,7.6,6.982552
195,716,12536,-557,5484,8.4,6.982552
196,719,12536,-557,5484,12.9,6.982552
197,723,12536,-557,5484,7.4,6.982552
198,727,12536,-557,5484,6.7,6.982552
199,730,12536,-557,5484,6.7,6.982552
200,734,12536,-557,5484,7.5,6.982552
201,738,12536,-557,5484,6.8,6.982552
202,741,12536,-522,5475,6.4,6.543792
203,745,12536,-522,5475,6.6,6.543792
204,748,12536,-522,5475,6.3,6.543792
205,752,12536,-522,5475,6.5,6.543792
206,756,12536,-522,5475,6.6,6.543792
207,759,12536,-522,5475,7.9,6.543792
208,763,12536,-522,5475,7.1,6.543792
209,766,12536,-522,5475,9.9,6.543792
210,770,12536,-522,5475,7.5,6.543792
211,774,12536,-522,5475,7.3,6.543792
212,777,12536,-522,5475,5.9,6.543792
213,781,12536,-522,5475,9.0,6.543792
214,784,12536,-522,5475,6.2,6.543792
215,788,12536,-522,5475,6.0,6.543792
216,792,12536,-522,5475,6.4,6.543792
217,795,12536,-522,5475,6.8,6.543792
218,799,12536,-522,5475,6.1,6.543792
219,803,12536,-478,5472,6.2,5.992208
220,806,12536,-478,5472,6.2,5.992208
221,810,12536,-478,5472,6.0,5.992208
222,813,12536,-478,5472,6.2,5.992208
223,817,12536,-478,5472,6.1,5.992208
224,821,12536,-478,5472,8.1,5.992208
225,824,12536,-478,5472,21.7,5.992208
226,828,12536,-478,5472,20.7,5.992208
227,832,12536,-478,5472,6.9,5.992208
228,835,12536,-478,5472,6.2,5.992208
229,839,12536,-478,5472,10.2,5.992208
230,842,12536,-478,5472,11.8,5.992208
231,846,12536,-478,5472,12.1,5.992208
232,850,12536,-478,5472,18.5,5.992208
233,853,12536,-478,5472,9.6,5.992208
234,857,12536,-478,5472,6.8,5.992208
235,860,12536,-478,5472,16.1,5.992208
236,864,12536,-602,5453,11.6,7.546672
237,868,12536,-602,5453,17.6,7.546672
238,872,12536,-602,5453,36.3,7.546672
239,875,12536,-602,5453,19.5,7.546672
240,879,12536,-602,5453,6.6,7.546672
241,882,12536,-602,5453,5.5,7.546672
242,886,12536,-602,5453,10.3,7.546672
243,890,12536,-602,5453,7.0,7.546672
244,893,12536,-602,5453,4.8,7.546672
245,897,12536,-602,5453,19.6,7.546672
246,901,12536,-602,5453,12.4,7.546672
247,904,12536,-602,5453,16.6,7.546672
248,908,12536,-602,5453,16.6,7.546672
249,912,12536,-602,5453,15.8,7.546672
250,915,12536,-602,5453,6.4,7.546672
251,919,12536,-602,5453,6.9,7.546672
252,922,12536,-596,5440,6.2,7.471456
253,926,12536,-596,5440,10.4,7.471456
254,930,12536,-596,5440,8.9,7.471456
255,933,12536,-596,5440,9.6,7.471456
256,937,12536,-596,5440,8.7,7.471456
257,940,12536,-596,5440,11.1,7.471456
258,944,12536,-596,5440,11.5,7.471456
259,948,12536,-596,5440,13.1,7.471456
260,951,12536,-596,5440,10.6,7.471456
261,955,12536,-596,5440,7.5,7.471456
262,958,12536,-596,5440,8.0,7.471456
263,962,12536,-596,5440,25.0,7.471456
264,966,12536,-596,5440,56.4,7.471456
265,970,12536,-596,5440,29.4,7.471456
266,973,12536,-596,5440,30.3,7.471456
267,977,12536,-596,5440,37.1,7.471456
268,981,12536,-596,5412,31.4,7.471456
269,984,12536,-965,5412,31.4,12.09724
270,988,12536,-965,5412,37.0,12.09724
271,992,12536,-965,5412,45.4,12.09724
272,996,12536,-965,5412,51.6,12.09724
273,1000,12536,-965,5412,49.0,12.09724
274,1003,12536,-965,5412,35.1,12.09724
275,1007,12536,-965,5412,30.5,12.09724
276,1011,12536,-965,5412,30.1,12.09724
277,1014,12536,-965,5412,33.4,12.09724
278,1018,12536,-965,5412,43.2,12.09724
279,1022,12536,-965,5412,45.8,12.09724
280,1026,12536,-965,5412,32.6,12.09724
281,1029,12536,-965,5412,31.9,12.09724
282,1033,12536,-965,5412,38.9,12.09724
283,1037,12536,-965,5412,29.0,12.09724
284,1040,12536,-965,5412,27.6,12.09724
285,1044,12536,-1069,5382,34.5,13.400984
286,1048,12536,-1069,5382,47.3,13.400984
287,1052,12536,-1069,5382,33.0,13.400984
288,1055,12536,-1069,5382,30.0,13.400984
289,1059,12536,-1069,5382,37.6,13.400984
290,1063,12536,-1069,5382,32.3,13.400984
291,1066,12536,-1069,5382,26.7,13.400984
292,1070,12536,-1069,5382,12.1,13.400984
293,1074,12536,-1069,5382,10.9,13.400984
294,1077,12536,-1069,5382,19.0,13.400984
295,1081,12536,-1069,5382,34.5,13.400984
296,1085,12536,-1069,5382,36.4,13.400984
297,1088,12536,-1069,5382,41.4,13.400984
298,1092,12536,-1069,5382,38.9,13.400984
299,1096,12536,-1069,5382,43.1,13.400984
300,1100,12536,-1069,5382,41.4,13.400984
301,1103,12536,-1201,5364,33.2,15.055736
302,1107,12536,-1201,5364,39.0,15.055736
303,1111,12536,-1201,5364,22.0,15.055736
304,1114,12536,-1201,5364,35.2,15.055736
305,1118,12536,-1201,5364,32.4,15.055736
306,1122,12536,-1201,5364,10.8,15.055736
307,1125,12536,-1201,5364,5.7,15.055736
308,1129,12536,-1201,5364,4.4,15.055736
309,1133,12536,-1201,5364,5.3,15.055736
310,1136,12536,-1201,5364,22.1,15.055736
311,1140,12536,-1201,5364,12.5,15.055736
312,1144,12536,-1201,5364,18.8,15.055736
313,1148,12536,-1201,5364,43.0,15.055736
314,1151,12536,-1201,5364,22.4,15.055736
315,1155,12536,-1201,5364,23.2,15.055736
316,1158,12536,-1201,5364,11.2,15.055736
317,1162,12536,-880,5356,21.7,11.03168
318,1166,12536,-880,5356,14.6,11.03168
319,1169,12536,-880,5356,8.4,11.03168
320,1173,12536,-880,5356,6.4,11.03168
321,1177,12536,-880,5356,15.7,11.03168
322,1180,12536,-880,5356,15.1,11.03168
323,1184,12536,-880,5356,10.2,11.03168
324,1188,12536,-880,5356,16.5,11.03168
325,1191,12536,-880,5356,15.3,11.03168
326,1195,12536,-880,5356,14.7,11.03168
327,1199,12536,-880,5356,14.1,11.03168
328,1202,12536,-880,5356,7.9,11.03168
329,1206,12536,-880,5356,8.0,11.03168
330,1210,12536,-880,5356,10.0,11.03168
331,1213,12536,-880,5356,4.1,11.03168
332,1217,12536,-880,5356,5.8,11.03168
333,1220,12536,-880,5356,4.5,11.03168
334,1224,12536,-579,5366,4.5,7.258343999999999
335,1228,12536,-579,5366,4.0,7.258343999999999
336,1231,12536,-579,5366,4.3,7.258343999999999
337,1235,12536,-579,5366,5.5,7.258343999999999
338,1239,12536,-579,5366,18.2,7.258343999999999
339,1243,12536,-579,5366,5.0,7.258343999999999
340,1247,12536,-579,5366,4.3,7.258343999999999
341,1250,12536,-579,5366,4.4,7.258343999999999
342,1254,12536,-579,5366,4.4,7.258343999999999
343,1257,12536,-579,5366,4.0,7.258343999999999
344,1261,12536,-579,5366,7.6,7.258343999999999
345,1265,12536,-579,5366,4.3,7.258343999999999
346,1268,12536,-579,5366,5.2,7.258343999999999
347,1272,12536,-579,5366,6.7,7.258343999999999
348,1275,12536,-579,5366,4.8,7.258343999999999
349,1279,12536,-579,5366,4.9,7.258343999999999
350,1283,12479,-485,5366,8.2,6.052315
351,1286,12479,-485,5366,7.6,6.052315
352,1290,12479,-485,5366,4.2,6.052315
353,1294,12479,-485,5366,4.2,6.052315
354,1297,12479,-485,5366,4.5,6.052315
355,1301,12479,-485,5366,4.9,6.052315
356,1304,12479,-485,5366,7.8,6.052315
357,1308,12479,-485,5366,10.3,6.052315
358,1312,12479,-485,5366,9.7,6.052315
359,1315,12479,-485,5366,10.7,6.052315
360,1319,12479,-485,5366,6.5,6.052315
361,1322,12479,-485,5366,5.2,6.052315
362,1326,12479,-485,5366,4.8,6.052315
363,1330,12479,-485,5366,5.4,6.052315
364,1333,12479,-485,5366,7.2,6.052315
365,1337,12479,-485,5366,11.8,6.052315
366,1341,12479,-485,5366,9.3,6.052315
367,1344,12479,-525,5358,5.0,6.551475
368,1348,12479,-525,5358,12.0,6.551475
369,1351,12479,-525,5358,14.8,6.551475
370,1355,12479,-525,5358,11.2,6.551475
371,1359,12479,-525,5358,15.8,6.551475
372,1362,12479,-525,5358,15.3,6.551475
373,1366,12479,-525,5358,5.5,6.551475
374,1369,12479,-525,5358,4.4,6.551475
375,1373,12479,-525,5358,4.1,6.551475
376,1377,12479,-525,5358,4.4,6.551475
377,1380,12479,-525,5358,4.3,6.551475
378,1384,12479,-525,5358,4.4,6.551475
379,1388,12479,-525,5358,3.9,6.551475
380,1391,12479,-525,5358,4.4,6.551475
381,1395,12479,-525,5358,4.9,6.551475
382,1398,12479,-525,5358,16.9,6.551475
383,1402,12479,-617,5346,17.2,7.699542999999999
384,1406,12479,-617,5346,14.3,7.699542999999999
385,1409,12479,-617,5346,15.6,7.699542999999999
386,1413,12479,-617,5346,9.6,7.699542999999999
387,1417,12479,-617,5346,7.9,7.699542999999999
388,1420,12479,-617,5346,4.4,7.699542999999999
389,1424,12479,-617,5346,6.0,7.699542999999999
390,1427,12479,-617,5346,4.6,7.699542999999999
391,1431,12479,-617,5346,4.6,7.699542999999999
392,1435,12479,-617,5346,4.7,7.699542999999999
393,1438,12479,-617,5346,8.4,7.699542999999999
394,1442,12479,-617,5346,8.9,7.699542999999999
395,1446,12479,-617,5346,6.9,7.699542999999999
396,1449,12479,-617,5346,6.8,7.699542999999999
397,1453,12479,-617,5346,5.9,7.699542999999999
398,1456,12479,-617,5346,6.7,7.699542999999999
399,1460,12479,-617,5346,5.6,7.699542999999999
400,1464,12479,-509,5338,5.2,6.351811
401,1467,12479,-509,5338,5.0,6.351811
402,1471,12479,-509,5338,4.6,6.351811
403,1474,12479,-509,5338,4.9,6.351811
404,1478,12479,-509,5338,5.2,6.351811
405,1482,12479,-509,5338,5.1,6.351811
406,1485,12479,-509,5338,5.3,6.351811
407,1489,12479,-509,5338,8.7,6.351811
408,1492,12479,-509,5338,16.6,6.351811
409,1496,12479,-509,5338,8.6,6.351811
410,1500,12479,-509,5338,7.3,6.351811
411,1503,12479,-509,5338,21.8,6.351811
412,1507,12479,-509,5338,16.3,6.351811
413,1511,12479,-509,5338,8.4,6.351811
414,1514,12479,-509,5338,13.3,6.351811
415,1518,12479,-509,5338,9.6,6.351811
416,1521,12479,-656,5318,7.2,8.186224
417,1525,12479,-656,5318,18.8,8.186224
418,1529,12479,-656,5318,11.8,8.186224
419,1532,12479,-656,5318,7.8,8.186224
420,1536,12479,-656,5318,13.2,8.186224
421,1539,12479,-656,5318,7.1,8.186224
422,1543,12479,-656,5318,6.2,8.186224
423,1547,12479,-656,5318,5.0,8.186224
424,1550,12479,-656,5318,9.9,8.186224
425,1554,12479,-656,5318,10.8,8.186224
426,1558,12479,-656,5318,3.9,8.186224
427,1561,12479,-656,5318,4.6,8.186224
428,1565,12479,-656,5318,4.5,8.186224
429,1568,12479,-656,5318,8.7,8.186224
430,1572,12479,-656,5318,5.5,8.186224
431,1576,12479,-656,5318,5.1,8.186224
432,1579,12479,-656,5318,7.9,8.186224
433,1583,12479,-554,5317,6.6,6.913366
434,1587,12479,-554,5317,4.4,6.913366
435,1590,12479,-554,5317,4.3,6.913366
436,1594,12479,-554,5317,4.4,6.913366
437,1597,12479,-554,5317,4.0,6.913366
438,1601,12479,-554,5317,15.7,6.913366
439,1605,12479,-554,5317,4.8,6.913366
440,1608,12479,-554,5317,4.0,6.913366
441,1612,12479,-554,5317,4.4,6.913366
442,1615,12479,-554,5317,4.4,6.913366
443,1619,12479,-554,5317,4.6,6.913366
444,1623,12479,-554,5317,12.2,6.913366
445,1626,12479,-554,5317,4.4,6.913366
446,1630,12479,-554,5317,4.3,6.913366
447,1634,12479,-554,5317,4.5,6.913366
448,1637,12479,-554,5317,4.2,6.913366
449,1641,12479,-554,5312,4.4,6.913366
450,1644,12479,-456,5312,10.0,5.690424
451,1648,12479,-456,5312,12.4,5.690424
452,1652,12479,-456,5312,12.4,5.690424
453,1655,12479,-456,5312,9.0,5.690424
454,1659,12479,-456,5312,4.6,5.690424
455,1662,12479,-456,5312,4.1,5.690424
456,1666,12479,-456,5312,4.6,5.690424
457,1670,12479,-456,5312,4.2,5.690424
458,1673,12479,-456,5312,5.6,5.690424
459,1677,12479,-456,5312,7.1,5.690424
460,1681,12479,-456,5312,8.2,5.690424
461,1684,12479,-456,5312,7.9,5.690424
462,1688,12479,-456,5312,7.6,5.690424
463,1691,12479,-456,5312,7.5,5.690424
464,1695,12479,-456,5312,11.2,5.690424
465,1699,12479,-456,5312,15.9,5.690424
466,1702,12479,-668,5289,27.0,8.335972
467,1706,12479,-668,5289,31.7,8.335972
468,1709,12479,-668,5289,28.7,8.335972
469,1713,12479,-668,5289,28.8,8.335972
470,1717,12479,-668,5289,29.7,8.335972
471,1720,12479,-668,5289,28.9,8.335972
472,1724,12479,-668,5289,29.3,8.335972
473,1727,12479,-668,5289,28.9,8.335972
474,1731,12479,-668,5289,28.8,8.335972
475,1735,12479,-668,5289,63.0,8.335972
476,1739,12479,-668,5289,57.0,8.335972
477,1742,12479,-668,5289,59.7,8.335972
478,1746,12479,-668,5289,38.3,8.335972
479,1750,12479,-668,5289,28.7,8.335972
480,1753,12479,-668,5289,30.1,8.335972
481,1757,12479,-668,5289,28.9,8.335972
482,1761,12479,-668,5289,33.2,8.335972
483,1764,12479,-1643,5221,33.5,20.502997
484,1768,12479,-1643,5221,31.7,20.502997
485,1771,12479,-1643,5221,29.7,20.502997
486,1775,12479,-1643,5221,29.2,20.502997
487,1779,12479,-1643,5221,29.0,20.502997
488,1782,12479,-1643,5221,29.5,20.502997
489,1786,12479,-1643,5221,33.2,20.502997
490,1789,12479,-1643,5221,30.6,20.502997
491,1793,12479,-1643,5221,34.9,20.502997
492,1797,12479,-1643,5221,34.9,20.502997
493,1800,12479,-1643,5221,37.1,20.502997
494,1804,12479,-1643,5221,31.2,20.502997
495,1808,12479,-1643,5221,30.0,20.502997
496,1811,12479,-1643,5221,32.3,20.502997
497,1815,12479,-1643,5221,30.3,20.502997
498,1818,12479,-1643,5221,31.5,20.502997
499,1822,12479,-1622,5194,32.1,20.240938
500,1826,12479,-1622,5194,55.1,20.240938
501,1829,12479,-1622,5194,58.4,20.240938
502,1833,12479,-1622,5194,36.2,20.240938
503,1837,12479,-1622,5194,28.8,20.240938
504,1840,12479,-1622,5194,29.2,20.240938
505,1844,12479,-1622,5194,29.3,20.240938
506,1848,12479,-1622,5194,33.9,20.240938
507,1851,12479,-1622,5194,38.0,20.240938
508,1855,12479,-1622,5194,32.2,20.240938
509,1859,12479,-1622,5194,34.5,20.240938
510,1862,12479,-1622,5194,31.7,20.240938
511,1866,12479,-1622,5194,33.7,20.240938
512,1869,12479,-1622,5194,30.9,20.240938
513,1873,12479,-1622,5194,31.2,20.240938
514,1877,12479,-1622,5194,29.2,20.240938
515,1880,12479,-1622,5194,33.1,20.240938
516,1884,12242,-1652,5165,34.0,20.223784
517,1887,12242,-1652,5165,32.2,20.223784
518,1891,12242,-1652,5165,31.1,20.223784
519,1895,12242,-1652,5165,32.4,20.223784
520,1898,12242,-1652,5165,31.4,20.223784
521,1902,12242,-1652,5165,34.2,20.223784
522,1906,12242,-1652,5165,34.1,20.223784
523,1909,12242,-1652,5165,33.8,20.223784
524,1913,12242,-1652,5165,33.0,20.223784
525,1916,12242,-1652,5165,31.8,20.223784
526,1920,12242,-1652,5165,33.1,20.223784
527,1924,12242,-1652,5165,42.0,20.223784
528,1927,12242,-1652,5165,31.4,20.223784
529,1931,12242,-1652,5165,35.8,20.223784
530,1935,12242,-1652,5165,42.6,20.223784
531,1938,12242,-1652,5165,35.7,20.223784
532,1942,12242,-1800,5131,31.3,22.0356
533,1946,12242,-1800,5131,30.8,22.0356
534,1949,12242,-1800,5131,29.3,22.0356
535,1953,12242,-1800,5131,28.6,22.0356
536,1956,12242,-1800,5131,31.6,22.0356
537,1960,12242,-1800,5131,29.0,22.0356
538,1964,12242,-1800,5131,33.4,22.0356
539,1967,12242,-1800,5131,36.7,22.0356
540,1971,12242,-1800,5131,40.2,22.0356
541,1975,12242,-1800,5131,44.2,22.0356
542,1978,12242,-1800,5131,53.9,22.0356
543,1982,12242,-1800,5131,48.0,22.0356
544,1986,12242,-1800,5131,52.3,22.0356
545,1989,12242,-1800,5131,50.7,22.0356
546,1993,12242,-1800,5131,49.4,22.0356
547,1997,12242,-1800,5131,49.8,22.0356
548,2001,12242,-1800,5131,50.3,22.0356
549,2004,12242,-1941,5103,50.7,23.761722
550,2008,12242,-1941,5103,48.2,23.761722
551,2012,12242,-1941,5103,48.9,23.761722
552,2015,12242,-1941,5103,50.5,23.761722
553,2019,12242,-1941,5103,49.8,23.761722
554,2023,12242,-1941,5103,49.3,23.761722
555,2027,12242,-1941,5103,49.9,23.761722
556,2030,12242,-1941,5103,53.8,23.761722
557,2034,12242,-1941,5103,52.6,23.761722
558,2038,12242,-1941,5103,52.7,23.761722
559,2041,12242,-1941,5103,51.0,23.761722
560,2045,12242,-1941,5103,53.4,23.761722
561,2049,12242,-1941,5103,51.2,23.761722
562,2053,12242,-1941,5103,50.5,23.761722
563,2056,12242,-1941,5103,54.2,23.761722
564,2060,12242,-1941,5103,64.3,23.761722
565,2064,12242,-2134,5063,74.3,26.124427999999998
566,2068,12242,-2134,5063,72.1,26.124427999999998
567,2072,12242,-2134,5063,71.7,26.124427999999998
568,2076,12242,-2134,5063,73.1,26.124427999999998
569,2080,12242,-2134,5063,73.5,26.124427999999998
570,2084,12242,-2134,5063,72.3,26.124427999999998
571,2088,12242,-2134,5063,74.5,26.124427999999998
572,2091,12242,-2134,5063,71.9,26.124427999999998
573,2095,12242,-2134,5063,70.4,26.124427999999998
574,2099,12242,-2134,5063,71.5,26.124427999999998
575,2103,12242,-2134,5063,70.4,26.124427999999998
576,2107,12242,-2134,5063,70.7,26.124427999999998
577,2111,12242,-2134,5063,72.1,26.124427999999998
578,2115,12242,-2134,5063,77.7,26.124427999999998
579,2118,12242,-2134,5063,84.1,26.124427999999998
580,2123,12242,-2436,5018,75.9,29.821512
581,2126,12242,-2436,5018,69.7,29.821512
582,2130,12242,-2436,5018,67.7,29.821512
583,2134,12242,-2436,5018,70.3,29.821512
584,2138,12242,-2436,5018,64.7,29.821512
585,2142,12242,-2436,5018,72.9,29.821512
586,2146,12242,-2436,5018,70.0,29.821512
587,2149,12242,-2436,5018,66.4,29.821512
588,2153,12242,-2436,5018,61.7,29.821512
589,2157,12242,-2436,5018,60.6,29.821512
590,2161,12242,-2436,5018,61.7,29.821512
591,2165,12242,-2436,5018,62.9,29.821512
592,2168,12242,-2436,5018,61.5,29.821512
593,2172,12242,-2436,5018,61.2,29.821512
594,2176,12242,-2436,5018,66.9,29.821512
595,2180,12242,-2436,5018,73.2,29.821512
596,2184,12242,-2533,4970,70.5,31.008986
597,2187,12242,-2533,4970,71.8,31.008986
598,2191,12242,-2533,4970,72.3,31.008986
599,2195,12242,-2533,4970,59.9,31.008986
600,2199,12242,-2533,4970,51.6,31.008986
601,2203,12242,-2533,4970,51.9,31.008986
602,2206,12242,-2533,4970,52.4,31.008986
603,2210,12242,-2533,4970,51.9,31.008986
604,2214,12242,-2533,4970,51.7,31.008986
605,2218,12242,-2533,4970,50.3,31.008986
606,2221,12242,-2533,4970,55.3,31.008986
607,2225,12242,-2533,4970,52.4,31.008986
608,2229,12242,-2533,4970,52.6,31.008986
609,2233,12242,-2533,4970,49.7,31.008986
610,2236,12242,-2533,4970,54.3,31.008986
611,2240,12242,-2533,4970,58.3,31.008986
612,2244,12242,-2041,4940,46.7,24.985922
613,2248,12242,-2041,4940,64.0,24.985922
614,2252,12242,-2041,4940,57.3,24.985922
615,2255,12242,-2041,4940,48.8,24.985922
616,2259,12242,-2041,4940,54.4,24.985922
617,2263,12242,-2041,4940,54.8,24.985922
618,2266,12242,-2041,4940,50.6,24.985922
619,2270,12242,-2041,4940,48.3,24.985922
620,2274,12242,-2041,4940,48.5,24.985922
621,2278,12242,-2041,4940,48.0,24.985922
622,2281,12242,-2041,4940,52.0,24.985922
623,2285,12242,-2041,4940,52.0,24.985922
624,2289,12242,-2041,4940,49.3,24.985922
625,2292,12242,-2041,4940,59.5,24.985922
626,2296,12242,-2041,4940,63.8,24.985922
627,2300,12242,-2041,4940,61.2,24.985922
628,2304,12242,-2088,4912,65.8,25.561296
629,2308,12242,-2088,4912,75.0,25.561296
630,2311,12242,-2088,4912,50.9,25.561296
631,2315,12242,-2088,4912,55.1,25.561296
632,2319,12242,-2088,4912,52.7,25.561296
633,2323,12242,-2088,4912,58.7,25.561296
634,2326,12242,-2088,4912,51.6,25.561296
635,2330,12242,-2088,4912,50.2,25.561296
636,2334,12242,-2088,4912,53.5,25.561296
637,2337,12242,-2088,4912,44.7,25.561296
638,2341,12242,-2088,4912,49.7,25.561296
639,2345,12242,-2088,4912,48.3,25.561296
640,2348,12242,-2088,4912,44.9,25.561296
641,2352,12242,-2088,4912,44.0,25.561296
642,2356,12242,-2088,4912,42.0,25.561296
643,2360,12242,-2088,4912,42.4,25.561296
644,2363,12242,-1949,4877,25.4,23.859658
645,2367,12242,-1949,4877,17.4,23.859658
646,2370,12242,-1949,4877,27.4,23.859658
647,2374,12242,-1949,4877,25.6,23.859658
648,2378,12242,-1949,4877,26.7,23.859658
649,2381,12242,-1949,4877,34.6,23.859658
650,2385,12242,-1949,4877,36.3,23.859658
651,2389,12242,-1949,4877,38.3,23.859658
652,2393,12242,-1949,4877,38.6,23.859658
653,2396,12242,-1949,4877,39.9,23.859658
654,2400,12242,-1949,4877,45.4,23.859658
655,2404,12242,-1949,4877,42.6,23.859658
656,2408,12242,-1949,4877,34.6,23.859658
657,2411,12242,-1949,4877,24.8,23.859658
658,2415,12242,-1949,4877,37.1,23.859658
659,2419,12242,-1949,4877,59.8,23.859658
660,2422,12242,-1437,4872,27.0,17.591753999999998
661,2426,12242,-1437,4872,25.8,17.591753999999998
662,2430,12242,-1437,4872,36.2,17.591753999999998
663,2434,12242,-1437,4872,37.3,17.591753999999998
664,2438,12242,-1437,4872,52.3,17.591753999999998
665,2442,12242,-1437,4872,33.9,17.591753999999998
666,2445,12242,-1437,4872,43.8,17.591753999999998
667,2449,12242,-1437,4872,41.0,17.591753999999998
668,2453,12242,-1437,4872,36.7,17.591753999999998
669,2456,12242,-1437,4872,35.8,17.591753999999998
670,2460,12242,-1437,4872,36.8,17.591753999999998
671,2464,12242,-1437,4872,22.0,17.591753999999998
672,2467,12242,-1437,4872,20.5,17.591753999999998
673,2471,12242,-1437,4872,20.7,17.591753999999998
674,2475,12242,-1437,4872,17.3,17.591753999999998
675,2478,12242,-1437,4872,14.0,17.591753999999998
676,2482,12153,-1013,4861,13.9,12.310989
677,2486,12153,-1013,4861,14.1,12.310989
678,2489,12153,-1013,4861,20.0,12.310989
679,2493,12153,-1013,4861,23.3,12.310989
680,2496,12153,-1013,4861,22.3,12.310989
681,2500,12153,-1013,4861,19.0,12.310989
682,2504,12153,-1013,4861,23.7,12.310989
683,2507,12153,-1013,4861,32.3,12.310989
684,2511,12153,-1013,4861,29.6,12.310989
685,2515,12153,-1013,4861,20.4,12.310989
686,2518,12153,-1013,4861,27.1,12.310989
687,2522,12153,-1013,4861,21.4,12.310989
688,2526,12153,-1013,4861,42.3,12.310989
689,2530,12153,-1013,4861,29.5,12.310989
690,2533,12153,-1013,4861,30.5,12.310989
691,2537,12153,-1013,4861,17.8,12.310989
692,2541,12153,-1013,4861,20.4,12.310989
693,2544,12153,-1059,4842,19.6,12.870026999999999
694,2548,12153,-1059,4842,19.9,12.870026999999999
695,2552,12153,-1059,4842,35.6,12.870026999999999
696,2555,12153,-1059,4842,32.1,12.870026999999999
697,2559,12153,-1059,4842,20.3,12.870026999999999
698,2563,12153,-1059,4842,17.6,12.870026999999999
699,2566,12153,-1059,4842,14.7,12.870026999999999
700,2570,12153,-1059,4842,22.0,12.870026999999999
701,2574,12153,-1059,4842,16.1,12.870026999999999
702,2577,12153,-1059,4842,12.8,12.870026999999999
703,2581,12153,-1059,4842,33.3,12.870026999999999
704,2585,12153,-1059,4842,26.4,12.870026999999999
705,2588,12153,-1059,4842,29.2,12.870026999999999
706,2592,12153,-1059,4842,36.0,12.870026999999999
707,2596,12153,-1059,4842,22.1,12.870026999999999
708,2600,12153,-1059,4842,33.5,12.870026999999999
709,2603,12153,-1163,4831,55.2,14.133939
710,2607,12153,-1163,4831,34.3,14.133939
711,2611,12153,-1163,4831,20.7,14.133939
712,2614,12153,-1163,4831,21.3,14.133939
713,2618,12153,-1163,4831,24.4,14.133939
714,2622,12153,-1163,4831,27.6,14.133939
715,2626,12153,-1163,4831,36.8,14.133939
716,2629,12153,-1163,4831,32.5,14.133939
717,2633,12153,-1163,4831,14.8,14.133939
718,2637,12153,-1163,4831,36.5,14.133939
719,2640,12153,-1163,4831,11.6,14.133939
720,2644,12153,-1163,4831,16.1,14.133939
721,2647,12153,-1163,4831,39.1,14.133939
722,2651,12153,-1163,4831,17.5,14.133939
723,2655,12153,-1163,4831,18.1,14.133939
724,2658,12153,-1163,4831,18.6,14.133939
725,2662,12153,-955,4812,21.2,11.606114999999999
726,2666,12153,-955,4812,19.2,11.606114999999999
727,2669,12153,-955,4812,40.5,11.606114999999999
728,2673,12153,-955,4812,35.2,11.606114999999999
729,2677,12153,-955,4812,14.2,11.606114999999999
730,2680,12153,-955,4812,15.0,11.606114999999999
731,2684,12153,-955,4812,36.7,11.606114999999999
732,2688,12153,-955,4812,18.5,11.606114999999999
733,2691,12153,-955,4812,14.0,11.606114999999999
734,2695,12153,-955,4812,24.7,11.606114999999999
735,2699,12153,-955,4812,26.2,11.606114999999999
736,2702,12153,-955,4812,34.9,11.606114999999999
737,2706,12153,-955,4812,21.7,11.606114999999999
738,2710,12153,-955,4812,30.6,11.606114999999999
739,2713,12153,-955,4812,30.9,11.606114999999999
740,2717,12153,-955,4812,33.6,11.606114999999999
741,2721,12153,-1134,4794,40.5,13.781502
742,2725,12153,-1134,4794,48.2,13.781502
743,2728,12153,-1134,4794,37.1,13.781502
744,2732,12153,-1134,4794,25.4,13.781502
745,2736,12153,-1134,4794,31.0,13.781502
746,2739,12153,-1134,4794,20.7,13.781502
747,2743,12153,-1134,4794,19.6,13.781502
748,2747,12153,-1134,4794,15.2,13.781502
749,2750,12153,-1134,4794,17.9,13.781502
750,2754,12153,-1134,4794,19.1,13.781502
751,2758,12153,-1134,4794,18.7,13.781502
752,2761,12153,-1134,4794,35.5,13.781502
753,2765,12153,-1134,4794,32.4,13.781502
754,2769,12153,-1134,4794,31.9,13.781502
755,2772,12153,-1134,4794,23.8,13.781502
756,2776,12153,-1134,4794,13.7,13.781502
757,2780,12153,-1134,4794,15.2,13.781502
758,2783,12153,-887,4781,15.1,10.779710999999999
759,2787,12153,-887,4781,27.3,10.779710999999999
760,2791,12153,-887,4781,34.3,10.779710999999999
761,2794,12153,-887,4781,21.8,10.779710999999999
762,2798,12153,-887,4781,34.8,10.779710999999999
763,2802,12153,-887,4781,38.5,10.779710999999999
764,2806,12153,-887,4781,37.5,10.779710999999999
765,2809,12153,-887,4781,41.4,10.779710999999999
766,2813,12153,-887,4781,19.5,10.779710999999999
767,2817,12153,-887,4781,14.6,10.779710999999999
768,2820,12153,-887,4781,18.6,10.779710999999999
769,2824,12153,-887,4781,16.0,10.779710999999999
770,2828,12153,-887,4781,20.1,10.779710999999999
771,2831,12153,-887,4781,36.7,10.779710999999999
772,2835,12153,-887,4781,29.9,10.779710999999999
773,2839,12153,-887,4781,30.1,10.779710999999999
774,2842,12153,-977,4760,29.5,11.873481
775,2846,12153,-977,4760,31.9,11.873481
776,2850,12153,-977,4760,34.2,11.873481
777,2853,12153,-977,4760,29.6,11.873481
778,2857,12153,-977,4760,31.7,11.873481
779,2861,12153,-977,4760,29.3,11.873481
780,2864,12153,-977,4760,30.1,11.873481
781,2868,12153,-977,4760,28.6,11.873481
782,2872,12153,-977,4760,32.3,11.873481
783,2875,12153,-977,4760,33.0,11.873481
784,2879,12153,-977,4760,35.1,11.873481
785,2883,12153,-977,4760,32.6,11.873481
786,2886,12153,-977,4760,31.3,11.873481
787,2890,12153,-977,4760,33.6,11.873481
788,2894,12153,-977,4760,31.2,11.873481
789,2897,12153,-977,4760,30.9,11.873481
790,2901,12153,-990,4743,30.7,12.031469999999999
791,2905,12153,-990,4743,31.0,12.031469999999999
792,2909,12153,-990,4743,34.6,12.031469999999999
793,2912,12153,-990,4743,32.1,12.031469999999999
794,2916,12153,-990,4743,30.3,12.031469999999999
795,2920,12153,-990,4743,34.8,12.031469999999999
796,2923,12153,-990,4743,33.5,12.031469999999999
797,2927,12153,-990,4743,29.6,12.031469999999999
798,2931,12153,-990,4743,27.4,12.031469999999999
799,2934,12153,-990,4743,33.1,12.031469999999999
800,2938,12153,-990,4743,28.6,12.031469999999999
801,2942,12153,-990,4743,30.1,12.031469999999999
802,2945,12153,-990,4743,35.7,12.031469999999999
803,2949,12153,-990,4743,31.0,12.031469999999999
804,2953,12153,-990,4743,29.7,12.031469999999999
805,2956,12153,-990,4743,33.3,12.031469999999999
806,2960,12153,-990,4743,47.7,12.031469999999999
807,2964,12153,-1104,4726,45.8,13.416912
808,2968,12153,-1104,4726,35.7,13.416912
809,2971,12153,-1104,4726,32.2,13.416912
810,2975,12153,-1104,4726,30.8,13.416912
811,2979,12153,-1104,4726,29.6,13.416912
812,2982,12153,-1104,4726,36.5,13.416912
813,2986,12153,-1104,4726,39.0,13.416912
814,2990,12153,-1104,4726,34.8,13.416912
815,2994,12153,-1104,4726,33.4,13.416912
816,2997,12153,-1104,4726,35.5,13.416912
817,3001,12153,-1104,4726,30.1,13.416912
818,3005,12153,-1104,4726,34.9,13.416912
819,3009,12153,-1104,4726,40.2,13.416912
820,3012,12153,-1104,4726,55.5,13.416912
821,3016,12153,-1104,4726,50.5,13.416912
822,3020,12153,-1104,4726,49.9,13.416912
823,3023,12153,-1625,4685,48.2,19.748625
824,3027,12153,-1625,4685,50.6,19.748625
825,3031,12153,-1625,4685,54.7,19.748625
826,3035,12153,-1625,4685,52.8,19.748625
827,3039,12153,-1625,4685,49.5,19.748625
828,3042,12153,-1625,4685,50.6,19.748625
829,3046,12153,-1625,4685,50.3,19.748625
830,3050,12153,-1625,4685,51.7,19.748625
831,3054,12153,-1625,4685,54.6,19.748625
832,3057,12153,-1625,4685,52.9,19.748625
833,3061,12153,-1625,4685,52.3,19.748625
834,3065,12153,-1625,4685,50.3,19.748625
835,3069,12153,-1625,4685,66.1,19.748625
836,3073,12153,-1625,4685,73.8,19.748625
837,3077,12153,-1625,4685,73.9,19.748625
838,3081,12153,-1625,4685,74.3,19.748625
839,3084,11918,-2263,4637,75.8,26.970433999999997
840,3088,11918,-2263,4637,71.8,26.970433999999997
841,3092,11918,-2263,4637,69.2,26.970433999999997
842,3096,11918,-2263,4637,70.7,26.970433999999997
843,3100,11918,-2263,4637,70.8,26.970433999999997
844,3104,11918,-2263,4637,71.5,26.970433999999997
845,3108,11918,-2263,4637,70.8,26.970433999999997
846,3112,11918,-2263,4637,71.9,26.970433999999997
847,3116,11918,-2263,4637,70.9,26.970433999999997
848,3119,11918,-2263,4637,70.4,26.970433999999997
849,3123,11918,-2263,4637,70.5,26.970433999999997
850,3127,11918,-2263,4637,75.7,26.970433999999997
851,3131,11918,-2263,4637,70.6,26.970433999999997
852,3135,11918,-2263,4637,69.6,26.970433999999997
853,3139,11918,-2263,4637,69.3,26.970433999999997
854,3143,11918,-2436,4589,71.5,29.032248
855,3146,11918,-2436,4589,70.4,29.032248
856,3150,11918,-2436,4589,71.9,29.032248
857,3154,11918,-2436,4589,72.1,29.032248
858,3158,11918,-2436,4589,72.3,29.032248
859,3162,11918,-2436,4589,70.7,29.032248
860,3166,11918,-2436,4589,69.7,29.032248
861,3170,11918,-2436,4589,69.4,29.032248
862,3174,11918,-2436,4589,72.0,29.032248
863,3177,11918,-2436,4589,73.0,29.032248
864,3181,11918,-2436,4589,74.2,29.032248
865,3185,11918,-2436,4589,72.0,29.032248
866,3189,11918,-2436,4589,70.1,29.032248
867,3193,11918,-2436,4589,69.2,29.032248
868,3197,11918,-2436,4589,72.6,29.032248
869,3201,11918,-2436,4547,75.8,29.032248
870,3205,11918,-2538,4547,76.8,30.247884
871,3209,11918,-2538,4547,79.6,30.247884
872,3213,11918,-2538,4547,73.9,30.247884
873,3216,11918,-2538,4547,70.6,30.247884
874,3220,11918,-2538,4547,69.0,30.247884
875,3224,11918,-2538,4547,72.5,30.247884
876,3228,11918,-2538,4547,74.2,30.247884
877,3232,11918,-2538,4547,73.3,30.247884
878,3236,11918,-2538,4547,69.9,30.247884
879,3240,11918,-2538,4547,74.5,30.247884
880,3244,11918,-2538,4547,75.1,30.247884
881,3247,11918,-2538,4547,70.6,30.247884
882,3251,11918,-2538,4547,70.5,30.247884
883,3255,11918,-2538,4547,72.3,30.247884
884,3259,11918,-2538,4547,72.4,30.247884
885,3263,11918,-2528,4504,77.2,30.128704
886,3267,11918,-2528,4504,74.2,30.128704
887,3271,11918,-2528,4504,72.7,30.128704
888,3275,11918,-2528,4504,69.5,30.128704
889,3278,11918,-2528,4504,69.9,30.128704
890,3282,11918,-2528,4504,70.3,30.128704
891,3286,11918,-2528,4504,70.9,30.128704
892,3290,11918,-2528,4504,75.1,30.128704
893,3294,11918,-2528,4504,75.5,30.128704
894,3298,11918,-2528,4504,65.3,30.128704
895,3301,11918,-2528,4504,49.4,30.128704
896,3305,11918,-2528,4504,49.3,30.128704
897,3309,11918,-2528,4504,55.0,30.128704
898,3313,11918,-2528,4504,53.0,30.128704
899,3316,11918,-2528,4504,51.8,30.128704
900,3320,11918,-2528,4504,51.7,30.128704
901,3324,11918,-2118,4471,54.5,25.242324
902,3328,11918,-2118,4471,56.1,25.242324
903,3332,11918,-2118,4471,56.3,25.242324
904,3335,11918,-2118,4471,54.3,25.242324
905,3339,11918,-2118,4471,51.6,25.242324
906,3343,11918,-2118,4471,53.5,25.242324
907,3347,11918,-2118,4471,54.7,25.242324
908,3350,11918,-2118,4471,52.3,25.242324
909,3354,11918,-2118,4471,53.3,25.242324
910,3358,11918,-2118,4471,52.2,25.242324
911,3362,11918,-2118,4471,49.5,25.242324
912,3365,11918,-2118,4471,54.0,25.242324
913,3369,11918,-2118,4471,51.3,25.242324
914,3373,11918,-2118,4471,57.7,25.242324
915,3377,11918,-2118,4471,48.6,25.242324
916,3381,11918,-2118,4471,49.5,25.242324
917,3385,11918,-2013,4437,57.6,23.990934
918,3388,11918,-2013,4437,52.0,23.990934
919,3392,11918,-2013,4437,58.4,23.990934
920,3396,11918,-2013,4437,45.6,23.990934
921,3399,11918,-2013,4437,36.3,23.990934
922,3403,11918,-2013,4437,40.0,23.990934
923,3407,11918,-2013,4437,46.1,23.990934
924,3411,11918,-2013,4437,46.5,23.990934
925,3414,11918,-2013,4437,48.4,23.990934
926,3418,11918,-2013,4437,48.2,23.990934
927,3422,11918,-2013,4437,49.6,23.990934
928,3425,11918,-2013,4437,40.2,23.990934
929,3429,11918,-2013,4437,40.2,23.990934
930,3433,11918,-2013,4437,34.5,23.990934
931,3436,11918,-2013,4437,38.2,23.990934
932,3440,11918,-2013,4437,32.6,23.990934
933,3444,11918,-1876,4411,32.2,22.358168
934,3447,11918,-1876,4411,33.7,22.358168
935,3451,11918,-1876,4411,32.6,22.358168
936,3455,11918,-1876,4411,39.6,22.358168
937,3458,11918,-1876,4411,50.3,22.358168
938,3462,11918,-1876,4411,36.3,22.358168
939,3466,11918,-1876,4411,40.0,22.358168
940,3469,11918,-1876,4411,39.0,22.358168
941,3473,11918,-1876,4411,43.1,22.358168
942,3477,11918,-1876,4411,35.4,22.358168
943,3481,11918,-1876,4411,39.5,22.358168
944,3484,11918,-1876,4411,38.2,22.358168
945,3488,11918,-1876,4411,34.7,22.358168
946,3491,11918,-1876,4411,35.0,22.358168
947,3495,11918,-1876,4411,35.7,22.358168
948,3499,11918,-1876,4411,38.2,22.358168
949,3502,11918,-1830,4380,36.3,21.809939999999997
950,3506,11918,-1830,4380,34.4,21.809939999999997
951,3510,11918,-1830,4380,35.6,21.809939999999997
952,3513,11918,-1830,4380,38.8,21.809939999999997
953,3517,11918,-1830,4380,38.9,21.809939999999997
954,3521,11918,-1830,4380,40.1,21.809939999999997
955,3524,11918,-1830,4380,32.1,21.809939999999997
956,3528,11918,-1830,4380,31.7,21.809939999999997
957,3532,11918,-1830,4380,31.8,21.809939999999997
958,3535,11918,-1830,4380,30.9,21.809939999999997
959,3539,11918,-1830,4380,30.6,21.809939999999997
960,3542,11918,-1830,4380,31.3,21.809939999999997
961,3546,11918,-1830,4380,34.7,21.809939999999997
962,3550,11918,-1830,4380,33.4,21.809939999999997
963,3553,11918,-1830,4380,35.4,21.809939999999997
964,3557,11918,-1830,4380,33.8,21.809939999999997
965,3561,11918,-1830,4380,33.6,21.809939999999997
966,3564,11918,-1696,4357,35.5,20.212927999999998
967,3568,11918,-1696,4357,33.3,20.212927999999998
968,3571,11918,-1696,4357,32.8,20.212927999999998
969,3575,11918,-1696,4357,32.9,20.212927999999998
970,3579,11918,-1696,4357,32.6,20.212927999999998
971,3582,11918,-1696,4357,34.0,20.212927999999998
972,3586,11918,-1696,4357,33.1,20.212927999999998
973,3590,11918,-1696,4357,32.5,20.212927999999998
974,3593,11918,-1696,4357,32.7,20.212927999999998
975,3597,11918,-1696,4357,32.6,20.212927999999998
976,3600,11918,-1696,4357,33.7,20.212927999999998
977,3604,11918,-1696,4357,33.6,20.212927999999998
978,3608,11918,-1696,4357,33.7,20.212927999999998
979,3611,11918,-1696,4357,37.1,20.212927999999998
980,3615,11918,-1696,4357,31.9,20.212927999999998
981,3619,11918,-1696,4357,15.4,20.212927999999998
982,3622,11918,-1464,4335,11.4,17.447952
983,3626,11918,-1464,4335,8.8,17.447952
984,3630,11918,-1464,4335,11.5,17.447952
985,3633,11918,-1464,4335,10.4,17.447952
986,3637,11918,-1464,4335,8.5,17.447952
987,3640,11918,-1464,4335,10.1,17.447952
988,3644,11918,-1464,4335,9.9,17.447952
989,3648,11918,-1464,4335,14.2,17.447952
990,3651,11918,-1464,4335,15.1,17.447952
991,3655,11918,-1464,4335,10.9,17.447952
992,3659,11918,-1464,4335,16.0,17.447952
993,3662,11918,-1464,4335,15.9,17.447952
994,3666,11918,-1464,4335,11.5,17.447952
995,3670,11918,-1464,4335,18.8,17.447952
996,3673,11918,-1464,4335,22.3,17.447952
997,3677,11918,-1464,4335,17.7,17.447952
998,3680,11918,-1464,4335,22.5,17.447952
999,3684,11913,-946,4347,20.1,11.269698
